id,name,runner_description,duration,created_at,started_at,finished_at,status
33346,secret-prod,gitlab-runner-76b4d9cc58-ntrhj,16.61858,2024-07-17T05:59:11.517Z,2024-07-17T05:59:25.735Z,2024-07-17T05:59:42.354Z,success
33342,build-prod,on-prem esx vm,7.460634,2024-07-17T05:57:59.848Z,2024-07-17T05:58:00.460Z,2024-07-17T05:58:07.921Z,success
33341,deploy-dev,gitlab-runner-76b4d9cc58-ntrhj,15.459053,2024-07-17T05:36:49.025Z,2024-07-17T05:37:55.337Z,2024-07-17T05:38:10.796Z,success
33340,secret-dev,gitlab-runner-76b4d9cc58-ntrhj,25.721005,2024-07-17T05:36:49.018Z,2024-07-17T05:37:25.322Z,2024-07-17T05:37:51.043Z,success
33339,build-dev,on-prem esx vm,17.904148,2024-07-17T05:36:49.006Z,2024-07-17T05:36:51.009Z,2024-07-17T05:37:08.913Z,success
33338,build-mr,on-prem esx vm,226.276024,2024-07-17T05:32:02.524Z,2024-07-17T05:32:04.560Z,2024-07-17T05:35:50.836Z,success
33215,build-dev,on-prem esx vm,52.199122,2024-04-11T12:11:06.405Z,2024-04-11T12:11:07.524Z,2024-04-11T12:11:59.723Z,success
33205,build-dev,on-prem esx vm,68.546875,2024-04-11T11:48:33.956Z,2024-04-11T11:48:37.245Z,2024-04-11T11:49:45.792Z,success
33189,build-prod,on-prem esx vm,8.4467,2024-04-05T11:51:45.847Z,2024-04-05T11:51:47.540Z,2024-04-05T11:51:55.987Z,success
33182,build-dev,on-prem esx vm,24.458254,2024-04-05T10:02:42.910Z,2024-04-05T10:02:45.302Z,2024-04-05T10:03:09.760Z,success
33178,build-mr,on-prem esx vm,165.750642,2024-04-05T09:08:27.593Z,2024-04-05T09:08:31.359Z,2024-04-05T09:11:17.109Z,success
33163,build-dev,on-prem esx vm,17.517905,2024-04-01T09:39:53.984Z,2024-04-01T09:39:55.515Z,2024-04-01T09:40:13.032Z,success
33162,build-mr,on-prem esx vm,148.172807,2024-04-01T09:33:41.329Z,2024-04-01T09:33:45.020Z,2024-04-01T09:36:13.192Z,success
33157,build-dev,on-prem esx vm,17.22905,2024-04-01T09:03:17.456Z,2024-04-01T09:03:21.034Z,2024-04-01T09:03:38.263Z,success
33156,build-mr,on-prem esx vm,64.363251,2024-04-01T09:02:08.609Z,2024-04-01T09:02:10.322Z,2024-04-01T09:03:14.685Z,success
33147,build-mr,on-prem esx vm,174.041481,2024-03-26T16:21:16.139Z,2024-03-26T16:21:20.032Z,2024-03-26T16:24:14.074Z,success
33140,build-dev,on-prem esx vm,18.81824,2024-03-25T15:49:55.145Z,2024-03-25T15:52:16.543Z,2024-03-25T15:52:35.361Z,success
33136,build-mr,on-prem esx vm,170.195708,2024-03-25T07:25:38.444Z,2024-03-25T07:28:56.527Z,2024-03-25T07:31:46.723Z,success
33116,build-prod,on-prem esx vm,9.565277,2024-03-19T12:25:28.116Z,2024-03-19T12:28:51.824Z,2024-03-19T12:29:01.390Z,success
33109,build-dev,on-prem esx vm,5.839288,2024-03-19T12:16:09.271Z,2024-03-19T12:16:11.564Z,2024-03-19T12:16:17.403Z,success
33108,build-mr,on-prem esx vm,5.573798,2024-03-19T12:15:57.851Z,2024-03-19T12:15:59.767Z,2024-03-19T12:16:05.341Z,success
33103,build-dev,on-prem esx vm,18.152504,2024-03-18T13:16:50.356Z,2024-03-18T13:16:54.187Z,2024-03-18T13:17:12.340Z,success
33102,build-mr,on-prem esx vm,55.330907,2024-03-18T13:15:50.808Z,2024-03-18T13:15:52.614Z,2024-03-18T13:16:47.945Z,success
33096,build-dev,on-prem esx vm,25.301367,2024-03-18T05:53:28.437Z,2024-03-18T05:55:46.374Z,2024-03-18T05:56:11.675Z,success
33089,build-mr,on-prem esx vm,236.629845,2024-03-14T08:51:34.836Z,2024-03-14T08:51:37.215Z,2024-03-14T08:55:33.845Z,success
33081,build-mr,on-prem esx vm,59.009284,2024-03-08T15:19:10.791Z,2024-03-08T15:19:14.131Z,2024-03-08T15:20:13.140Z,success
33069,build-dev,on-prem esx vm,68.869624,2024-03-08T11:09:16.599Z,2024-03-08T11:09:18.151Z,2024-03-08T11:10:27.020Z,success
33063,build-dev,on-prem esx vm,17.829121,2024-03-08T09:20:24.590Z,2024-03-08T09:20:27.589Z,2024-03-08T09:20:45.418Z,success
33059,build-dev,on-prem esx vm,5.521852,2024-03-07T07:59:46.553Z,2024-03-07T08:00:08.355Z,2024-03-07T08:00:13.877Z,success
33058,build-mr,on-prem esx vm,15.095961,2024-03-07T07:59:46.519Z,2024-03-07T07:59:50.057Z,2024-03-07T08:00:05.153Z,success
33044,build-mr,on-prem esx vm,164.898367,2024-03-04T07:39:01.197Z,2024-03-04T07:39:02.974Z,2024-03-04T07:41:47.873Z,success
33038,build-mr,on-prem esx vm,51.331176,2024-02-29T15:47:50.144Z,2024-02-29T15:47:52.741Z,2024-02-29T15:48:44.072Z,success
33027,build-dev,on-prem esx vm,18.28403,2024-02-27T15:20:35.224Z,2024-02-27T15:20:38.641Z,2024-02-27T15:20:56.925Z,success
33026,build-mr,on-prem esx vm,45.757875,2024-02-27T15:10:31.387Z,2024-02-27T15:10:34.571Z,2024-02-27T15:11:20.329Z,success
33018,build-dev,on-prem esx vm,16.891886,2024-02-27T09:13:43.390Z,2024-02-27T09:13:47.178Z,2024-02-27T09:14:04.070Z,success
33017,build-mr,on-prem esx vm,67.507997,2024-02-27T09:09:31.156Z,2024-02-27T09:09:33.408Z,2024-02-27T09:10:40.916Z,success
32989,build-prod,on-prem esx vm,10.697726,2024-02-21T10:36:51.414Z,2024-02-21T10:37:06.707Z,2024-02-21T10:37:17.405Z,success
32975,build-dev,on-prem esx vm,19.908925,2024-02-20T19:08:54.468Z,2024-02-20T19:08:57.024Z,2024-02-20T19:09:16.933Z,success
32971,build-mr,on-prem esx vm,49.71028,2024-02-20T14:58:48.515Z,2024-02-20T14:58:50.801Z,2024-02-20T14:59:40.511Z,success
32963,build-dev,on-prem esx vm,60.996242,2024-02-20T07:03:47.289Z,2024-02-20T07:03:59.263Z,2024-02-20T07:05:00.259Z,success
32960,build-dev,on-prem esx vm,22.548825,2024-02-20T07:03:32.147Z,2024-02-20T07:03:36.477Z,2024-02-20T07:03:59.026Z,success
32955,build-mr,on-prem esx vm,42.105926,2024-02-19T13:15:01.030Z,2024-02-19T13:15:21.837Z,2024-02-19T13:16:03.943Z,success
32953,build-mr,on-prem esx vm,164.552958,2024-02-19T13:12:33.759Z,2024-02-19T13:12:37.059Z,2024-02-19T13:15:21.612Z,success
32940,build-dev,on-prem esx vm,26.383357,2024-02-17T16:56:12.347Z,2024-02-17T16:56:14.403Z,2024-02-17T16:56:40.787Z,success
32937,build-mr,on-prem esx vm,42.408379,2024-02-16T12:39:58.482Z,2024-02-16T12:40:02.186Z,2024-02-16T12:40:44.595Z,success
32934,build-mr,on-prem esx vm,166.530901,2024-02-15T11:49:02.373Z,2024-02-15T11:49:04.023Z,2024-02-15T11:51:50.554Z,success
32932,build-mr,on-prem esx vm,49.426197,2024-02-15T11:31:30.848Z,2024-02-15T11:31:32.009Z,2024-02-15T11:32:21.435Z,success
32925,build-mr,on-prem esx vm,40.007581,2024-02-14T16:04:08.535Z,2024-02-14T16:04:12.469Z,2024-02-14T16:04:52.477Z,success
32921,build-dev,on-prem esx vm,17.362826,2024-02-14T13:37:06.842Z,2024-02-14T13:37:08.064Z,2024-02-14T13:37:25.427Z,success
32920,build-mr,on-prem esx vm,178.925367,2024-02-14T13:33:44.559Z,2024-02-14T13:33:47.897Z,2024-02-14T13:36:46.823Z,success
32907,build-dev,on-prem esx vm,51.412853,2024-02-13T12:31:55.845Z,2024-02-13T12:31:59.518Z,2024-02-13T12:32:50.931Z,success
32906,build-mr,on-prem esx vm,44.789476,2024-02-13T12:25:31.361Z,2024-02-13T12:25:32.308Z,2024-02-13T12:26:17.097Z,success
32894,build-mr,on-prem esx vm,151.516388,2024-02-13T11:36:10.729Z,2024-02-13T11:36:12.965Z,2024-02-13T11:38:44.481Z,failed
32892,build-prod,on-prem esx vm,77.988651,2024-02-13T11:30:16.723Z,2024-02-13T11:30:18.686Z,2024-02-13T11:31:36.674Z,success
32885,build-mr,on-prem esx vm,42.564225,2024-02-12T14:55:48.636Z,2024-02-12T14:55:53.057Z,2024-02-12T14:56:35.621Z,success
32879,build-dev,on-prem esx vm,52.517422,2024-02-12T13:22:34.585Z,2024-02-12T13:22:35.954Z,2024-02-12T13:23:28.471Z,success
32873,build-mr,on-prem esx vm,166.194936,2024-02-12T12:05:50.623Z,2024-02-12T12:05:54.489Z,2024-02-12T12:08:40.684Z,success
32859,build-dev,on-prem esx vm,18.353961,2024-02-09T15:50:10.435Z,2024-02-09T15:50:14.423Z,2024-02-09T15:50:32.777Z,success
32858,build-mr,on-prem esx vm,46.614533,2024-02-09T14:34:15.374Z,2024-02-09T14:34:20.292Z,2024-02-09T14:35:06.907Z,success
32853,build-dev,on-prem esx vm,16.875081,2024-02-09T12:52:30.698Z,2024-02-09T12:52:34.283Z,2024-02-09T12:52:51.158Z,success
32852,build-mr,on-prem esx vm,39.447284,2024-02-09T12:51:02.876Z,2024-02-09T12:51:06.580Z,2024-02-09T12:51:46.027Z,success
32848,build-dev,on-prem esx vm,17.669595,2024-02-09T12:34:31.015Z,2024-02-09T12:34:33.342Z,2024-02-09T12:34:51.012Z,success
32847,build-mr,on-prem esx vm,40.578691,2024-02-09T12:31:04.029Z,2024-02-09T12:31:07.478Z,2024-02-09T12:31:48.057Z,success
32845,build-mr,on-prem esx vm,153.788675,2024-02-09T11:38:22.625Z,2024-02-09T11:38:26.887Z,2024-02-09T11:41:00.675Z,success
32835,build-dev,on-prem esx vm,17.199708,2024-02-08T13:48:38.161Z,2024-02-08T13:48:41.183Z,2024-02-08T13:48:58.383Z,success
32834,build-mr,on-prem esx vm,42.973789,2024-02-08T13:45:40.402Z,2024-02-08T13:45:42.990Z,2024-02-08T13:46:25.964Z,success
32832,build-mr,on-prem esx vm,39.259073,2024-02-08T12:28:48.103Z,2024-02-08T12:28:52.207Z,2024-02-08T12:29:31.466Z,success
32827,build-dev,on-prem esx vm,17.041576,2024-02-08T09:11:13.360Z,2024-02-08T09:11:15.408Z,2024-02-08T09:11:32.449Z,success
32826,build-mr,on-prem esx vm,160.626381,2024-02-08T08:27:21.030Z,2024-02-08T08:27:24.933Z,2024-02-08T08:30:05.560Z,success
32818,build-dev,on-prem esx vm,17.786569,2024-02-07T12:12:14.331Z,2024-02-07T12:12:17.303Z,2024-02-07T12:12:35.089Z,success
32817,build-mr,on-prem esx vm,165.491729,2024-02-07T12:07:06.151Z,2024-02-07T12:07:07.543Z,2024-02-07T12:09:53.035Z,success
32812,build-dev,on-prem esx vm,18.369977,2024-02-07T10:55:20.590Z,2024-02-07T10:55:23.122Z,2024-02-07T10:55:41.492Z,success
32810,build-mr,on-prem esx vm,173.978096,2024-02-07T08:28:31.898Z,2024-02-07T08:28:35.624Z,2024-02-07T08:31:29.602Z,success
32800,build-dev,on-prem esx vm,59.6206,2024-02-06T15:33:06.812Z,2024-02-06T15:33:08.907Z,2024-02-06T15:34:08.527Z,success
32795,build-prod,on-prem esx vm,21.7771,2024-02-06T14:24:25.699Z,2024-02-06T14:24:29.455Z,2024-02-06T14:24:51.232Z,success
32794,build-mr,on-prem esx vm,50.054353,2024-02-06T13:58:44.202Z,2024-02-06T13:58:47.387Z,2024-02-06T13:59:37.441Z,success
32783,build-dev,on-prem esx vm,23.552733,2024-02-02T12:24:15.050Z,2024-02-02T12:24:17.353Z,2024-02-02T12:24:40.906Z,success
32782,build-mr,on-prem esx vm,156.078337,2024-02-02T11:44:18.322Z,2024-02-02T11:44:21.854Z,2024-02-02T11:46:57.932Z,success
32769,build-dev,on-prem esx vm,22.515146,2024-02-01T11:12:54.832Z,2024-02-01T11:12:57.763Z,2024-02-01T11:13:20.278Z,success
32767,build-mr,on-prem esx vm,174.724828,2024-02-01T09:30:06.638Z,2024-02-01T09:30:09.256Z,2024-02-01T09:33:03.981Z,success
32723,build-dev,on-prem esx vm,55.91934,2024-01-31T12:36:22.058Z,2024-01-31T12:36:24.205Z,2024-01-31T12:37:20.124Z,success
32720,build-dev,on-prem esx vm,54.160953,2024-01-31T12:32:34.009Z,2024-01-31T12:32:35.776Z,2024-01-31T12:33:29.937Z,success
32716,build-prod,on-prem esx vm,19.441162,2024-01-31T12:31:36.109Z,2024-01-31T12:31:36.807Z,2024-01-31T12:31:56.248Z,success
32715,build-mr,on-prem esx vm,42.797103,2024-01-31T12:30:23.347Z,2024-01-31T12:30:26.742Z,2024-01-31T12:31:09.539Z,success
32709,build-dev,on-prem esx vm,17.702089,2024-01-30T11:04:06.123Z,2024-01-30T11:04:09.431Z,2024-01-30T11:04:27.133Z,success
32708,build-mr,on-prem esx vm,160.371935,2024-01-30T10:57:20.181Z,2024-01-30T10:57:22.741Z,2024-01-30T11:00:03.113Z,success
32701,build-dev,on-prem esx vm,55.733759,2024-01-29T12:03:08.398Z,2024-01-29T12:03:10.161Z,2024-01-29T12:04:05.895Z,success
32699,build-mr,on-prem esx vm,163.414234,2024-01-29T10:04:19.675Z,2024-01-29T10:04:23.188Z,2024-01-29T10:07:06.602Z,success
32683,build-dev,on-prem esx vm,17.045467,2024-01-24T08:33:59.106Z,2024-01-24T08:34:00.390Z,2024-01-24T08:34:17.436Z,success
32682,build-mr,on-prem esx vm,177.47051,2024-01-24T08:30:56.792Z,2024-01-24T08:30:59.722Z,2024-01-24T08:33:57.193Z,success
32664,build-mr,on-prem esx vm,39.930919,2024-01-22T09:36:11.503Z,2024-01-22T09:36:12.766Z,2024-01-22T09:36:52.697Z,success
32660,build-dev,on-prem esx vm,6.140762,2024-01-22T09:30:08.513Z,2024-01-22T09:30:09.173Z,2024-01-22T09:30:15.313Z,success
32657,build-dev,on-prem esx vm,52.427162,2024-01-22T09:24:38.309Z,2024-01-22T09:24:40.447Z,2024-01-22T09:25:32.874Z,success
32650,build-dev,on-prem esx vm,60.291214,2024-01-17T14:24:56.748Z,2024-01-17T14:24:58.836Z,2024-01-17T14:25:59.127Z,success
32646,build-prod,on-prem esx vm,7.327696,2024-01-17T14:22:29.481Z,2024-01-17T14:22:32.983Z,2024-01-17T14:22:40.311Z,success
32641,build-dev,on-prem esx vm,24.750159,2024-01-16T09:47:32.590Z,2024-01-16T09:47:34.862Z,2024-01-16T09:47:59.612Z,success
32633,build-mr,on-prem esx vm,177.877307,2024-01-15T22:45:22.826Z,2024-01-15T22:45:27.252Z,2024-01-15T22:48:25.129Z,success
32595,build-dev,on-prem esx vm,18.597038,2024-01-03T06:23:38.850Z,2024-01-03T06:23:42.366Z,2024-01-03T06:24:00.963Z,success
32579,build-mr,on-prem esx vm,60.122721,2023-12-21T09:46:15.312Z,2023-12-21T09:46:18.138Z,2023-12-21T09:47:18.261Z,success
32573,build-dev,on-prem esx vm,55.618702,2023-12-21T06:18:48.959Z,2023-12-21T06:19:43.731Z,2023-12-21T06:20:39.349Z,success
32570,build-dev,on-prem esx vm,60.332875,2023-12-21T06:18:11.717Z,2023-12-21T06:18:43.228Z,2023-12-21T06:19:43.561Z,success
32567,build-dev,on-prem esx vm,56.197622,2023-12-21T06:17:44.792Z,2023-12-21T06:17:46.867Z,2023-12-21T06:18:43.064Z,success
32564,build-dev,on-prem esx vm,18.207596,2023-12-21T06:17:14.106Z,2023-12-21T06:17:16.475Z,2023-12-21T06:17:34.683Z,success
32563,build-mr,on-prem esx vm,42.21619,2023-12-20T14:13:24.488Z,2023-12-20T14:13:25.650Z,2023-12-20T14:14:07.866Z,success
32561,build-mr,on-prem esx vm,39.018414,2023-12-20T13:40:08.234Z,2023-12-20T13:40:12.405Z,2023-12-20T13:40:51.424Z,success
32558,build-mr,on-prem esx vm,41.407539,2023-12-19T14:31:31.117Z,2023-12-19T14:31:33.186Z,2023-12-19T14:32:14.593Z,success
32556,build-mr,on-prem esx vm,40.330984,2023-12-19T14:15:25.646Z,2023-12-19T14:15:28.292Z,2023-12-19T14:16:08.623Z,success
32554,build-mr,on-prem esx vm,36.983307,2023-12-19T14:12:01.406Z,2023-12-19T14:12:03.104Z,2023-12-19T14:12:40.088Z,success
32552,build-mr,on-prem esx vm,40.979527,2023-12-19T14:10:15.280Z,2023-12-19T14:10:15.943Z,2023-12-19T14:10:56.923Z,success
32549,build-mr,on-prem esx vm,51.047732,2023-12-19T09:25:15.604Z,2023-12-19T09:25:20.232Z,2023-12-19T09:26:11.280Z,success
32534,build-dev,on-prem esx vm,18.266475,2023-12-16T06:15:47.469Z,2023-12-16T06:15:50.226Z,2023-12-16T06:16:08.492Z,success
32532,build-mr,on-prem esx vm,55.999605,2023-12-15T13:08:41.872Z,2023-12-15T13:08:42.984Z,2023-12-15T13:09:38.984Z,success
32529,build-mr,on-prem esx vm,39.61538,2023-12-15T11:47:26.458Z,2023-12-15T11:47:29.634Z,2023-12-15T11:48:09.249Z,success
32521,build-dev,on-prem esx vm,5.462567,2023-12-14T15:53:17.420Z,2023-12-14T15:53:18.826Z,2023-12-14T15:53:24.288Z,success
32515,build-prod,on-prem esx vm,6.46578,2023-12-14T14:59:15.423Z,2023-12-14T14:59:16.566Z,2023-12-14T14:59:23.032Z,success
32512,build-dev,on-prem esx vm,49.50289,2023-12-14T14:53:22.195Z,2023-12-14T14:53:23.821Z,2023-12-14T14:54:13.324Z,success
32511,build-mr,on-prem esx vm,40.618695,2023-12-14T14:52:20.568Z,2023-12-14T14:52:22.000Z,2023-12-14T14:53:02.619Z,success
32509,build-prod,on-prem esx vm,6.471616,2023-12-14T13:18:31.431Z,2023-12-14T13:18:33.675Z,2023-12-14T13:18:40.146Z,success
32506,build-dev,on-prem esx vm,16.724213,2023-12-14T13:08:14.635Z,2023-12-14T13:08:16.663Z,2023-12-14T13:08:33.387Z,success
32505,build-mr,on-prem esx vm,39.846454,2023-12-14T13:05:30.217Z,2023-12-14T13:05:33.560Z,2023-12-14T13:06:13.406Z,success
32503,build-mr,on-prem esx vm,45.922114,2023-12-14T12:48:10.032Z,2023-12-14T12:48:14.285Z,2023-12-14T12:49:00.207Z,success
32498,build-dev,on-prem esx vm,4.92584,2023-12-14T10:47:35.925Z,2023-12-14T10:47:44.846Z,2023-12-14T10:47:49.772Z,success
32497,build-mr,on-prem esx vm,4.235494,2023-12-14T10:47:35.908Z,2023-12-14T10:47:37.438Z,2023-12-14T10:47:41.674Z,success
32494,build-dev,on-prem esx vm,4.862341,2023-12-14T10:44:41.727Z,2023-12-14T10:44:50.326Z,2023-12-14T10:44:55.188Z,success
32493,build-mr,on-prem esx vm,4.438101,2023-12-14T10:44:41.709Z,2023-12-14T10:44:42.689Z,2023-12-14T10:44:47.127Z,success
32490,build-dev,on-prem esx vm,4.915057,2023-12-14T10:37:26.187Z,2023-12-14T10:37:34.496Z,2023-12-14T10:37:39.411Z,success
32489,build-mr,on-prem esx vm,4.337033,2023-12-14T10:37:26.170Z,2023-12-14T10:37:26.979Z,2023-12-14T10:37:31.316Z,success
32486,build-dev,on-prem esx vm,17.979483,2023-12-14T10:34:20.929Z,2023-12-14T10:34:23.780Z,2023-12-14T10:34:41.760Z,success
32483,build-mr,on-prem esx vm,49.651959,2023-12-14T09:34:10.586Z,2023-12-14T09:34:13.007Z,2023-12-14T09:35:02.659Z,success
32472,build-dev,on-prem esx vm,17.336334,2023-12-13T14:56:28.425Z,2023-12-13T14:56:30.720Z,2023-12-13T14:56:48.057Z,success
32471,build-mr,on-prem esx vm,48.295392,2023-12-13T10:17:57.087Z,2023-12-13T10:17:59.093Z,2023-12-13T10:18:47.388Z,success
32465,build-dev,on-prem esx vm,48.450742,2023-12-13T09:18:29.293Z,2023-12-13T09:18:32.299Z,2023-12-13T09:19:20.750Z,success
32464,build-mr,on-prem esx vm,44.384445,2023-12-13T09:16:23.958Z,2023-12-13T09:16:26.727Z,2023-12-13T09:17:11.112Z,success
32460,build-dev,on-prem esx vm,21.611847,2023-12-13T08:47:42.426Z,2023-12-13T08:47:43.569Z,2023-12-13T08:48:05.181Z,success
32457,build-mr,on-prem esx vm,38.692362,2023-12-13T06:24:17.710Z,2023-12-13T06:24:20.799Z,2023-12-13T06:24:59.491Z,success
32453,build-dev,on-prem esx vm,16.673965,2023-12-12T21:18:10.035Z,2023-12-12T21:18:11.263Z,2023-12-12T21:18:27.937Z,success
32452,build-mr,on-prem esx vm,58.911151,2023-12-12T21:13:26.147Z,2023-12-12T21:13:30.072Z,2023-12-12T21:14:28.983Z,success
32442,build-dev,on-prem esx vm,16.247292,2023-12-12T10:48:07.266Z,2023-12-12T10:48:08.655Z,2023-12-12T10:48:24.902Z,success
32441,build-mr,on-prem esx vm,149.841722,2023-12-12T10:45:32.920Z,2023-12-12T10:45:35.611Z,2023-12-12T10:48:05.453Z,success
32435,build-dev,on-prem esx vm,15.798934,2023-12-11T20:42:43.425Z,2023-12-11T20:42:45.038Z,2023-12-11T20:43:00.837Z,success
32434,build-mr,on-prem esx vm,49.824526,2023-12-11T20:41:48.380Z,2023-12-11T20:41:52.038Z,2023-12-11T20:42:41.862Z,success
32426,build-dev,on-prem esx vm,17.101996,2023-12-11T09:08:10.724Z,2023-12-11T09:08:13.209Z,2023-12-11T09:08:30.311Z,success
32425,build-mr,on-prem esx vm,40.646234,2023-12-11T09:06:39.175Z,2023-12-11T09:06:41.402Z,2023-12-11T09:07:22.048Z,success
32423,build-mr,on-prem esx vm,45.448851,2023-12-11T08:47:33.653Z,2023-12-11T08:47:34.294Z,2023-12-11T08:48:19.743Z,success
32419,build-dev,on-prem esx vm,18.311237,2023-12-11T08:43:24.035Z,2023-12-11T08:43:24.750Z,2023-12-11T08:43:43.061Z,success
32416,build-mr,on-prem esx vm,139.921099,2023-12-11T00:06:31.818Z,2023-12-11T00:06:35.434Z,2023-12-11T00:08:55.355Z,success
32413,build-mr,on-prem esx vm,46.724786,2023-12-10T22:18:41.021Z,2023-12-10T22:18:44.599Z,2023-12-10T22:19:31.324Z,success
32401,build-dev,on-prem esx vm,15.981228,2023-12-07T13:42:07.770Z,2023-12-07T13:42:09.710Z,2023-12-07T13:42:25.692Z,success
32400,build-mr,on-prem esx vm,42.569006,2023-12-07T13:41:21.503Z,2023-12-07T13:41:23.975Z,2023-12-07T13:42:06.544Z,success
32395,build-dev,on-prem esx vm,16.133885,2023-12-07T12:33:16.546Z,2023-12-07T12:33:18.534Z,2023-12-07T12:33:34.668Z,success
32394,build-mr,on-prem esx vm,51.648148,2023-12-07T12:30:40.157Z,2023-12-07T12:30:41.703Z,2023-12-07T12:31:33.351Z,success
32382,build-dev,on-prem esx vm,15.985523,2023-12-06T15:08:06.393Z,2023-12-06T15:08:07.718Z,2023-12-06T15:08:23.704Z,success
32381,build-mr,on-prem esx vm,148.893954,2023-12-06T15:05:33.397Z,2023-12-06T15:05:35.676Z,2023-12-06T15:08:04.570Z,success
32373,build-dev,on-prem esx vm,17.161007,2023-12-06T12:09:20.363Z,2023-12-06T12:09:21.823Z,2023-12-06T12:09:38.984Z,success
32371,build-mr,on-prem esx vm,144.795946,2023-12-06T11:48:45.941Z,2023-12-06T11:48:47.754Z,2023-12-06T11:51:12.550Z,success
32364,build-dev,on-prem esx vm,57.752164,2023-12-06T09:30:56.204Z,2023-12-06T09:30:58.349Z,2023-12-06T09:31:56.101Z,success
32360,build-prod,on-prem esx vm,11.363479,2023-12-06T09:17:27.158Z,2023-12-06T09:20:49.745Z,2023-12-06T09:21:01.109Z,success
32353,build-dev,on-prem esx vm,16.820239,2023-12-05T13:41:17.848Z,2023-12-05T13:41:21.565Z,2023-12-05T13:41:38.386Z,success
32352,build-mr,on-prem esx vm,35.834426,2023-12-05T13:03:41.077Z,2023-12-05T13:03:44.094Z,2023-12-05T13:04:19.929Z,success
32349,build-mr,on-prem esx vm,41.445759,2023-12-05T08:33:01.125Z,2023-12-05T08:33:03.590Z,2023-12-05T08:33:45.036Z,success
32347,build-mr,on-prem esx vm,38.508728,2023-12-05T08:28:02.559Z,2023-12-05T08:28:03.868Z,2023-12-05T08:28:42.376Z,success
32343,build-dev,on-prem esx vm,52.272782,2023-12-05T07:25:03.381Z,2023-12-05T07:25:04.374Z,2023-12-05T07:25:56.647Z,success
32342,build-mr,on-prem esx vm,60.709704,2023-12-04T21:39:43.993Z,2023-12-04T21:39:45.703Z,2023-12-04T21:40:46.412Z,success
32328,build-dev,on-prem esx vm,5.046289,2023-11-28T09:06:15.881Z,2023-11-28T09:06:18.209Z,2023-11-28T09:06:23.255Z,success
32322,build-dev,on-prem esx vm,5.603408,2023-11-28T08:47:05.061Z,2023-11-28T08:47:07.167Z,2023-11-28T08:47:12.770Z,success
32315,build-dev,on-prem esx vm,52.83461,2023-11-27T14:35:07.611Z,2023-11-27T14:35:09.864Z,2023-11-27T14:36:02.699Z,success
32311,build-prod,on-prem esx vm,17.004544,2023-11-27T14:32:09.980Z,2023-11-27T14:32:10.769Z,2023-11-27T14:32:27.774Z,success
32310,build-mr,on-prem esx vm,26.356165,2023-11-27T14:24:55.879Z,2023-11-27T14:24:59.176Z,2023-11-27T14:25:25.532Z,failed
32308,build-mr,on-prem esx vm,26.328774,2023-11-27T14:20:33.926Z,2023-11-27T14:20:50.636Z,2023-11-27T14:21:16.965Z,failed
32306,build-mr,on-prem esx vm,36.00148,2023-11-27T14:20:12.775Z,2023-11-27T14:20:14.476Z,2023-11-27T14:20:50.477Z,success
32304,build-mr,on-prem esx vm,25.446838,2023-11-27T14:10:40.578Z,2023-11-27T14:11:03.695Z,2023-11-27T14:11:29.142Z,failed
32302,build-mr,on-prem esx vm,30.146783,2023-11-27T14:10:19.969Z,2023-11-27T14:10:23.799Z,2023-11-27T14:10:53.946Z,canceled
32300,build-mr,on-prem esx vm,36.188059,2023-11-27T13:52:11.709Z,2023-11-27T13:53:46.632Z,2023-11-27T13:54:22.821Z,failed
32298,build-mr,on-prem esx vm,47.90164,2023-11-27T13:51:30.253Z,2023-11-27T13:51:32.021Z,2023-11-27T13:52:19.922Z,canceled
32280,build-mr,on-prem esx vm,153.688169,2023-11-27T00:09:35.921Z,2023-11-27T00:09:39.028Z,2023-11-27T00:12:12.716Z,success
32269,build-dev,on-prem esx vm,15.733957,2023-11-23T13:52:45.273Z,2023-11-23T13:52:47.789Z,2023-11-23T13:53:03.523Z,success
32268,build-mr,on-prem esx vm,4.439802,2023-11-23T13:52:04.959Z,2023-11-23T13:52:07.179Z,2023-11-23T13:52:11.619Z,success
32266,build-mr,on-prem esx vm,146.284462,2023-11-23T13:49:03.704Z,2023-11-23T13:49:04.744Z,2023-11-23T13:51:31.028Z,success
32261,build-dev,on-prem esx vm,15.771444,2023-11-23T13:22:13.293Z,2023-11-23T13:22:14.742Z,2023-11-23T13:22:30.513Z,success
32260,build-mr,on-prem esx vm,43.522348,2023-11-23T13:21:26.278Z,2023-11-23T13:21:28.010Z,2023-11-23T13:22:11.533Z,success
32254,build-dev,on-prem esx vm,16.781223,2023-11-23T12:46:08.106Z,2023-11-23T12:46:09.890Z,2023-11-23T12:46:26.671Z,success
32253,build-mr,on-prem esx vm,137.982404,2023-11-23T12:39:31.169Z,2023-11-23T12:43:48.683Z,2023-11-23T12:46:06.666Z,success
32250,build-mr,on-prem esx vm,150.815359,2023-11-23T12:37:51.029Z,2023-11-23T12:37:53.822Z,2023-11-23T12:40:24.637Z,success
32241,build-dev,on-prem esx vm,19.848885,2023-11-22T15:46:22.277Z,2023-11-22T15:46:54.919Z,2023-11-22T15:47:14.768Z,success
32237,build-mr,on-prem esx vm,150.129539,2023-11-22T15:42:28.646Z,2023-11-22T15:43:50.536Z,2023-11-22T15:46:20.665Z,success
32231,build-mr,on-prem esx vm,141.639061,2023-11-22T14:28:49.493Z,2023-11-22T14:28:55.538Z,2023-11-22T14:31:17.177Z,success
32222,build-dev,on-prem esx vm,50.254052,2023-11-22T08:34:35.563Z,2023-11-22T08:34:36.974Z,2023-11-22T08:35:27.228Z,success
32221,build-mr,on-prem esx vm,32.597402,2023-11-22T08:22:53.487Z,2023-11-22T08:23:03.895Z,2023-11-22T08:23:36.493Z,success
32219,build-mr,on-prem esx vm,53.188838,2023-11-22T08:22:07.150Z,2023-11-22T08:22:10.551Z,2023-11-22T08:23:03.740Z,success
32208,build-dev,on-prem esx vm,17.37962,2023-11-21T13:38:26.271Z,2023-11-21T13:38:28.061Z,2023-11-21T13:38:45.441Z,success
32206,build-mr,on-prem esx vm,49.450556,2023-11-21T13:00:46.342Z,2023-11-21T13:01:17.692Z,2023-11-21T13:02:07.143Z,success
32203,build-mr,on-prem esx vm,160.382559,2023-11-21T12:55:01.255Z,2023-11-21T12:55:05.944Z,2023-11-21T12:57:46.327Z,success
32185,build-dev,on-prem esx vm,16.368161,2023-11-20T15:43:26.845Z,2023-11-20T15:43:28.162Z,2023-11-20T15:43:44.530Z,success
32178,build-mr,on-prem esx vm,45.197711,2023-11-20T14:26:22.858Z,2023-11-20T14:26:25.203Z,2023-11-20T14:27:10.400Z,success
32171,build-dev,on-prem esx vm,18.391329,2023-11-20T13:44:49.677Z,2023-11-20T13:44:50.212Z,2023-11-20T13:45:08.604Z,success
32166,build-mr,on-prem esx vm,44.481419,2023-11-20T13:32:45.632Z,2023-11-20T13:33:43.392Z,2023-11-20T13:34:27.874Z,success
32163,build-mr,on-prem esx vm,142.677747,2023-11-20T13:27:32.335Z,2023-11-20T13:27:34.952Z,2023-11-20T13:29:57.630Z,success
32156,build-dev,on-prem esx vm,47.674653,2023-11-20T13:04:13.930Z,2023-11-20T13:04:15.733Z,2023-11-20T13:05:03.407Z,success
32155,build-mr,on-prem esx vm,43.161925,2023-11-20T13:03:27.136Z,2023-11-20T13:03:29.427Z,2023-11-20T13:04:12.589Z,success
32150,build-dev,on-prem esx vm,15.906044,2023-11-20T12:54:32.478Z,2023-11-20T12:54:34.100Z,2023-11-20T12:54:50.006Z,success
32149,build-mr,on-prem esx vm,148.976857,2023-11-20T12:51:59.688Z,2023-11-20T12:52:01.979Z,2023-11-20T12:54:30.956Z,success
32128,build-dev,on-prem esx vm,16.162973,2023-11-20T11:10:33.347Z,2023-11-20T11:14:17.556Z,2023-11-20T11:14:33.719Z,success
32127,build-mr,on-prem esx vm,146.285068,2023-11-20T11:10:33.330Z,2023-11-20T11:11:51.115Z,2023-11-20T11:14:17.400Z,success
32113,build-mr,on-prem esx vm,38.857652,2023-11-20T08:11:11.700Z,2023-11-20T08:11:15.130Z,2023-11-20T08:11:53.987Z,success
32110,build-dev,on-prem esx vm,15.595041,2023-11-20T07:56:52.766Z,2023-11-20T07:56:55.934Z,2023-11-20T07:57:11.529Z,success
32109,build-mr,on-prem esx vm,36.157111,2023-11-20T07:56:03.965Z,2023-11-20T07:56:07.627Z,2023-11-20T07:56:43.784Z,success
32105,build-dev,on-prem esx vm,214.080569,2023-11-20T07:43:14.571Z,2023-11-20T07:43:18.257Z,2023-11-20T07:46:52.337Z,success
32096,build-mr,on-prem esx vm,175.572363,2023-11-17T13:28:21.716Z,2023-11-17T13:28:25.732Z,2023-11-17T13:31:21.305Z,success
32091,build-dev,on-prem esx vm,15.86249,2023-11-17T09:48:41.347Z,2023-11-17T09:48:43.095Z,2023-11-17T09:48:58.957Z,success
32090,build-mr,on-prem esx vm,37.291418,2023-11-17T09:47:17.890Z,2023-11-17T09:47:20.638Z,2023-11-17T09:47:57.929Z,success
32088,build-mr,on-prem esx vm,171.637511,2023-11-16T16:04:47.688Z,2023-11-16T16:04:53.735Z,2023-11-16T16:07:45.372Z,success
32082,build-mr,on-prem esx vm,146.386378,2023-11-16T13:25:01.203Z,2023-11-16T13:25:03.732Z,2023-11-16T13:27:30.118Z,failed
32059,build-dev,on-prem esx vm,22.121776,2023-11-15T12:13:46.895Z,2023-11-15T12:16:38.394Z,2023-11-15T12:17:00.516Z,success
32058,build-mr,on-prem esx vm,166.741586,2023-11-15T12:13:46.884Z,2023-11-15T12:13:48.509Z,2023-11-15T12:16:35.250Z,success
32056,build-dev,on-prem esx vm,5.150549,2023-11-15T12:00:30.658Z,2023-11-15T12:00:31.653Z,2023-11-15T12:00:36.803Z,success
32055,build-dev,on-prem esx vm,5.146964,2023-11-15T11:58:30.639Z,2023-11-15T11:58:32.304Z,2023-11-15T11:58:37.451Z,success
32054,build-dev,on-prem esx vm,6.421369,2023-11-15T11:56:39.509Z,2023-11-15T11:56:40.727Z,2023-11-15T11:56:47.148Z,success
32047,build-dev,on-prem esx vm,16.039286,2023-11-15T11:30:54.264Z,2023-11-15T11:33:04.580Z,2023-11-15T11:33:20.620Z,success
32046,build-mr,on-prem esx vm,128.838105,2023-11-15T11:30:54.255Z,2023-11-15T11:30:55.568Z,2023-11-15T11:33:04.406Z,success
32000,build-dev,on-prem esx vm,55.234948,2023-11-13T17:56:35.668Z,2023-11-13T18:00:56.155Z,2023-11-13T18:01:51.390Z,success
31970,build-mr,on-prem esx vm,160.185013,2023-11-13T09:47:43.964Z,2023-11-13T09:47:47.032Z,2023-11-13T09:50:27.217Z,success
31951,build-mr,on-prem esx vm,34.228977,2023-11-12T21:21:44.471Z,2023-11-12T21:23:34.267Z,2023-11-12T21:24:08.496Z,success
31949,build-mr,on-prem esx vm,214.49018,2023-11-12T21:19:56.099Z,2023-11-12T21:19:59.568Z,2023-11-12T21:23:34.058Z,success
31932,build-dev,on-prem esx vm,16.689679,2023-11-09T10:36:44.887Z,2023-11-09T10:36:48.552Z,2023-11-09T10:37:05.241Z,success
31930,build-mr,on-prem esx vm,48.741862,2023-11-09T10:00:25.183Z,2023-11-09T10:04:47.305Z,2023-11-09T10:05:36.047Z,success
31911,build-mr,on-prem esx vm,34.946381,2023-11-08T12:48:43.870Z,2023-11-08T12:48:59.583Z,2023-11-08T12:49:34.529Z,success
31909,build-mr,on-prem esx vm,174.979402,2023-11-08T12:46:02.643Z,2023-11-08T12:46:04.380Z,2023-11-08T12:48:59.359Z,success
31901,build-mr,on-prem esx vm,40.499118,2023-11-08T10:23:36.151Z,2023-11-08T10:23:36.752Z,2023-11-08T10:24:17.251Z,success
31899,build-mr,on-prem esx vm,174.305515,2023-11-08T10:12:39.512Z,2023-11-08T10:12:42.195Z,2023-11-08T10:15:36.500Z,success
31893,build-mr,on-prem esx vm,164.719262,2023-11-07T15:28:45.692Z,2023-11-07T15:28:49.342Z,2023-11-07T15:31:34.062Z,success
31873,build-mr,on-prem esx vm,34.590619,2023-11-06T13:58:59.371Z,2023-11-06T14:00:33.209Z,2023-11-06T14:01:07.799Z,success
31871,build-mr,on-prem esx vm,175.260312,2023-11-06T13:57:33.522Z,2023-11-06T13:57:37.623Z,2023-11-06T14:00:32.883Z,success
31840,build-dev,on-prem esx vm,20.324627,2023-11-03T08:55:38.317Z,2023-11-03T08:58:11.782Z,2023-11-03T08:58:32.107Z,success
31838,build-mr,on-prem esx vm,37.147509,2023-11-03T08:54:58.183Z,2023-11-03T08:54:59.802Z,2023-11-03T08:55:36.950Z,success
31834,build-dev,on-prem esx vm,15.919587,2023-11-03T08:35:24.545Z,2023-11-03T08:35:25.376Z,2023-11-03T08:35:41.295Z,success
31833,build-mr,on-prem esx vm,37.273754,2023-11-03T08:34:35.984Z,2023-11-03T08:34:38.922Z,2023-11-03T08:35:16.195Z,success
31831,build-mr,on-prem esx vm,37.493956,2023-11-03T08:33:29.427Z,2023-11-03T08:33:31.269Z,2023-11-03T08:34:08.763Z,success
31825,build-dev,on-prem esx vm,26.189747,2023-11-03T07:29:11.059Z,2023-11-03T07:29:12.654Z,2023-11-03T07:29:38.844Z,failed
31822,build-dev,on-prem esx vm,16.396361,2023-11-03T07:28:23.589Z,2023-11-03T07:28:26.090Z,2023-11-03T07:28:42.486Z,success
31821,build-mr,on-prem esx vm,40.544742,2023-11-02T14:47:12.747Z,2023-11-02T14:47:15.792Z,2023-11-02T14:47:56.337Z,success
31812,build-mr,on-prem esx vm,50.335707,2023-11-02T10:17:21.400Z,2023-11-02T10:17:24.660Z,2023-11-02T10:18:14.996Z,success
31790,build-dev,on-prem esx vm,44.73285,2023-11-01T10:48:40.051Z,2023-11-01T10:49:09.812Z,2023-11-01T10:49:54.545Z,success
31787,build-dev,on-prem esx vm,46.013068,2023-11-01T10:48:22.716Z,2023-11-01T10:48:23.643Z,2023-11-01T10:49:09.656Z,success
31784,build-dev,on-prem esx vm,15.877342,2023-11-01T10:48:05.869Z,2023-11-01T10:48:07.605Z,2023-11-01T10:48:23.482Z,success
31783,build-mr,on-prem esx vm,37.337517,2023-11-01T10:41:47.534Z,2023-11-01T10:41:51.019Z,2023-11-01T10:42:28.357Z,success
31781,build-mr,on-prem esx vm,38.99968,2023-11-01T10:37:55.253Z,2023-11-01T10:37:56.826Z,2023-11-01T10:38:35.825Z,success
31779,build-mr,on-prem esx vm,36.639387,2023-11-01T10:10:30.134Z,2023-11-01T10:10:31.630Z,2023-11-01T10:11:08.270Z,success
31776,build-mr,on-prem esx vm,34.6942,2023-11-01T09:41:27.705Z,2023-11-01T09:41:28.929Z,2023-11-01T09:42:03.623Z,success
31773,build-mr,on-prem esx vm,42.611501,2023-11-01T09:26:07.464Z,2023-11-01T09:26:10.086Z,2023-11-01T09:26:52.697Z,success
31766,build-dev,on-prem esx vm,15.997938,2023-11-01T06:29:44.071Z,2023-11-01T06:29:46.040Z,2023-11-01T06:30:02.038Z,success
31765,build-mr,on-prem esx vm,38.149351,2023-10-31T22:01:07.999Z,2023-10-31T22:01:10.120Z,2023-10-31T22:01:48.269Z,success
31751,build-dev,on-prem esx vm,15.705672,2023-10-31T09:13:28.218Z,2023-10-31T09:13:30.909Z,2023-10-31T09:13:46.615Z,success
31750,build-mr,on-prem esx vm,42.310084,2023-10-31T09:10:52.242Z,2023-10-31T09:10:54.429Z,2023-10-31T09:11:36.739Z,success
31744,build-dev,on-prem esx vm,16.779945,2023-10-31T06:24:50.919Z,2023-10-31T06:24:53.691Z,2023-10-31T06:25:10.471Z,success
31740,build-mr,on-prem esx vm,47.216053,2023-10-30T14:10:01.541Z,2023-10-30T14:10:04.791Z,2023-10-30T14:10:52.007Z,success
31731,build-dev,on-prem esx vm,15.73971,2023-10-30T10:00:09.105Z,2023-10-30T10:00:11.472Z,2023-10-30T10:00:27.212Z,success
31730,build-mr,on-prem esx vm,38.782488,2023-10-30T09:53:01.178Z,2023-10-30T09:53:02.364Z,2023-10-30T09:53:41.146Z,success
31724,build-dev,on-prem esx vm,51.223655,2023-10-30T07:29:20.992Z,2023-10-30T07:29:24.505Z,2023-10-30T07:30:15.729Z,success
31718,build-mr,on-prem esx vm,46.966808,2023-10-27T08:29:07.227Z,2023-10-27T08:29:09.626Z,2023-10-27T08:29:56.593Z,success
31707,build-dev,on-prem esx vm,45.369566,2023-10-26T11:48:09.474Z,2023-10-26T11:48:11.171Z,2023-10-26T11:48:56.541Z,success
31706,build-mr,on-prem esx vm,35.530237,2023-10-26T11:36:55.924Z,2023-10-26T11:36:59.210Z,2023-10-26T11:37:34.741Z,success
31704,build-mr,on-prem esx vm,28.879966,2023-10-26T11:11:38.239Z,2023-10-26T11:11:41.304Z,2023-10-26T11:12:10.184Z,failed
31701,build-mr,on-prem esx vm,28.683086,2023-10-26T10:36:58.772Z,2023-10-26T10:37:01.669Z,2023-10-26T10:37:30.352Z,failed
31697,build-mr,on-prem esx vm,29.445777,2023-10-26T09:17:11.949Z,2023-10-26T09:17:14.152Z,2023-10-26T09:17:43.598Z,failed
31692,build-dev,on-prem esx vm,18.162462,2023-10-25T07:47:20.238Z,2023-10-25T07:47:21.528Z,2023-10-25T07:47:39.691Z,success
31685,build-mr,on-prem esx vm,40.171467,2023-10-24T11:34:48.671Z,2023-10-24T11:34:52.020Z,2023-10-24T11:35:32.192Z,success
31680,build-mr,on-prem esx vm,43.93871,2023-10-24T09:02:11.638Z,2023-10-24T09:02:13.768Z,2023-10-24T09:02:57.707Z,success
31675,build-dev,on-prem esx vm,50.149827,2023-10-23T13:11:26.210Z,2023-10-23T13:11:27.449Z,2023-10-23T13:12:17.599Z,success
31674,build-mr,on-prem esx vm,38.153046,2023-10-23T11:20:31.604Z,2023-10-23T11:20:32.935Z,2023-10-23T11:21:11.088Z,success
31669,build-dev,on-prem esx vm,15.840991,2023-10-23T08:20:01.304Z,2023-10-23T08:20:04.236Z,2023-10-23T08:20:20.077Z,success
31668,build-mr,on-prem esx vm,34.193826,2023-10-23T08:18:37.949Z,2023-10-23T08:18:38.867Z,2023-10-23T08:19:13.061Z,success
31666,build-mr,on-prem esx vm,45.67851,2023-10-23T08:16:36.061Z,2023-10-23T08:16:37.974Z,2023-10-23T08:17:23.653Z,success
31637,build-mr,on-prem esx vm,36.090356,2023-10-20T14:59:10.033Z,2023-10-20T14:59:13.371Z,2023-10-20T14:59:49.461Z,success
31632,build-dev,on-prem esx vm,18.406249,2023-10-20T06:06:20.105Z,2023-10-20T06:06:21.916Z,2023-10-20T06:06:40.322Z,success
31631,build-mr,on-prem esx vm,40.648459,2023-10-20T06:05:34.770Z,2023-10-20T06:05:38.119Z,2023-10-20T06:06:18.767Z,success
31627,build-dev,on-prem esx vm,15.784805,2023-10-19T12:53:07.753Z,2023-10-19T12:53:08.795Z,2023-10-19T12:53:24.580Z,success
31626,build-mr,on-prem esx vm,34.448633,2023-10-19T12:51:29.088Z,2023-10-19T12:51:31.186Z,2023-10-19T12:52:05.634Z,success
31622,build-dev,on-prem esx vm,47.964283,2023-10-19T12:38:32.935Z,2023-10-19T12:38:36.546Z,2023-10-19T12:39:24.510Z,success
31619,build-dev,on-prem esx vm,15.826166,2023-10-19T12:35:20.115Z,2023-10-19T12:35:23.422Z,2023-10-19T12:35:39.248Z,success
31618,build-mr,on-prem esx vm,37.56464,2023-10-19T12:33:43.176Z,2023-10-19T12:33:45.685Z,2023-10-19T12:34:23.250Z,success
31614,build-mr,on-prem esx vm,38.676649,2023-10-18T21:10:54.222Z,2023-10-18T21:10:57.414Z,2023-10-18T21:11:36.091Z,success
31612,build-mr,on-prem esx vm,43.986549,2023-10-18T14:59:48.011Z,2023-10-18T14:59:49.594Z,2023-10-18T15:00:33.581Z,success
31603,build-dev,on-prem esx vm,48.670638,2023-10-18T07:36:38.466Z,2023-10-18T07:36:40.697Z,2023-10-18T07:37:29.368Z,success
31600,build-dev,on-prem esx vm,15.873638,2023-10-18T07:36:14.265Z,2023-10-18T07:36:15.681Z,2023-10-18T07:36:31.554Z,success
31599,build-mr,on-prem esx vm,38.123453,2023-10-18T06:37:37.358Z,2023-10-18T06:37:38.814Z,2023-10-18T06:38:16.937Z,success
31597,build-mr,on-prem esx vm,47.089204,2023-10-18T06:31:07.608Z,2023-10-18T06:31:09.369Z,2023-10-18T06:31:56.458Z,success
31592,build-dev,on-prem esx vm,54.438566,2023-10-17T11:25:05.849Z,2023-10-17T11:25:06.825Z,2023-10-17T11:26:01.264Z,success
31590,build-mr,on-prem esx vm,42.031011,2023-10-17T10:09:19.612Z,2023-10-17T10:09:22.416Z,2023-10-17T10:10:04.447Z,success
31587,build-mr,on-prem esx vm,44.610243,2023-10-17T09:41:24.938Z,2023-10-17T09:41:27.725Z,2023-10-17T09:42:12.335Z,success
31585,build-mr,on-prem esx vm,41.728965,2023-10-17T09:36:43.594Z,2023-10-17T09:36:45.776Z,2023-10-17T09:37:27.505Z,success
31581,build-dev,on-prem esx vm,16.26519,2023-10-17T09:34:11.539Z,2023-10-17T09:34:14.312Z,2023-10-17T09:34:30.577Z,success
31580,build-mr,on-prem esx vm,33.861671,2023-10-17T09:33:32.207Z,2023-10-17T09:33:34.298Z,2023-10-17T09:34:08.159Z,failed
31570,build-mr,on-prem esx vm,37.569302,2023-10-17T07:25:10.646Z,2023-10-17T07:25:12.260Z,2023-10-17T07:25:49.829Z,success
31567,build-mr,on-prem esx vm,156.864607,2023-10-17T05:34:11.845Z,2023-10-17T05:34:12.932Z,2023-10-17T05:36:49.797Z,success
31565,build-mr,on-prem esx vm,235.82103,2023-10-16T18:31:41.316Z,2023-10-16T18:31:42.507Z,2023-10-16T18:35:38.328Z,failed
31511,build-dev,on-prem esx vm,17.844755,2023-10-13T09:49:37.855Z,2023-10-13T09:49:40.446Z,2023-10-13T09:49:58.291Z,success
31510,build-mr,on-prem esx vm,37.215857,2023-10-13T09:06:30.619Z,2023-10-13T09:06:32.401Z,2023-10-13T09:07:09.617Z,success
31508,build-mr,on-prem esx vm,41.445161,2023-10-13T07:42:34.341Z,2023-10-13T07:42:35.511Z,2023-10-13T07:43:16.957Z,success
31506,build-mr,on-prem esx vm,35.3663,2023-10-12T21:59:58.468Z,2023-10-12T22:00:01.467Z,2023-10-12T22:00:36.833Z,success
31504,build-mr,on-prem esx vm,168.278331,2023-10-12T21:48:23.861Z,2023-10-12T21:48:24.932Z,2023-10-12T21:51:13.210Z,success
31501,build-mr,on-prem esx vm,152.696938,2023-10-12T09:47:23.700Z,2023-10-12T09:47:27.032Z,2023-10-12T09:49:59.729Z,success
31490,build-dev,on-prem esx vm,16.463395,2023-10-10T11:07:09.261Z,2023-10-10T11:07:11.306Z,2023-10-10T11:07:27.769Z,success
31489,build-mr,on-prem esx vm,169.02835,2023-10-10T11:04:17.602Z,2023-10-10T11:04:19.134Z,2023-10-10T11:07:08.163Z,success
31487,build-mr,on-prem esx vm,4.432154,2023-10-10T10:59:13.888Z,2023-10-10T10:59:16.174Z,2023-10-10T10:59:20.606Z,success
31483,build-mr,on-prem esx vm,1.031058,2023-10-10T10:57:55.636Z,2023-10-10T10:57:58.128Z,2023-10-10T10:57:59.159Z,canceled
31475,build-mr,on-prem esx vm,48.692944,2023-10-10T09:02:24.423Z,2023-10-10T09:02:27.672Z,2023-10-10T09:03:16.365Z,success
31455,build-mr,on-prem esx vm,201.711572,2023-10-09T15:24:33.870Z,2023-10-09T15:24:37.928Z,2023-10-09T15:27:59.639Z,success
31342,build-dev,on-prem esx vm,7.129257,2023-08-26T09:31:15.614Z,2023-08-26T09:31:18.393Z,2023-08-26T09:31:25.522Z,success
31338,build-dev,on-prem esx vm,48.812271,2023-08-26T09:26:08.422Z,2023-08-26T09:26:11.342Z,2023-08-26T09:27:00.154Z,success
31334,build-dev,on-prem esx vm,48.080008,2023-08-26T08:55:58.365Z,2023-08-26T08:56:01.348Z,2023-08-26T08:56:49.428Z,success
31329,build-dev,on-prem esx vm,212.847628,2023-08-25T08:24:11.435Z,2023-08-25T08:24:14.083Z,2023-08-25T08:27:46.931Z,success
31120,build-prod,on-prem esx vm,58.846073,2023-06-19T12:53:59.451Z,2023-06-19T12:54:00.876Z,2023-06-19T12:54:59.722Z,success
31101,build-dev,on-prem esx vm,177.481514,2023-06-19T10:56:16.158Z,2023-06-19T10:56:17.936Z,2023-06-19T10:59:15.418Z,success
31094,code_quality,on-prem esx vm,37.039838,2023-06-19T10:47:41.385Z,2023-06-19T10:47:52.554Z,2023-06-19T10:48:29.594Z,success
31093,test,on-prem esx vm,2.498372,2023-06-19T10:47:41.380Z,2023-06-19T10:47:49.557Z,2023-06-19T10:47:52.055Z,failed
31092,build,on-prem esx vm,7.374734,2023-06-19T10:47:41.369Z,2023-06-19T10:47:42.036Z,2023-06-19T10:47:49.411Z,failed
31049,build,on-prem esx vm,70.93575,2023-06-17T12:10:18.596Z,2023-06-17T12:10:20.555Z,2023-06-17T12:11:31.491Z,success
30947,build,on-prem esx vm,205.981808,2023-06-13T06:28:36.514Z,2023-06-13T06:28:39.514Z,2023-06-13T06:32:05.495Z,success
30915,build,on-prem esx vm,181.10949,2023-06-08T10:11:24.548Z,2023-06-08T10:11:26.739Z,2023-06-08T10:14:27.848Z,success
30889,build,on-prem esx vm,210.665218,2023-06-02T09:27:03.796Z,2023-06-02T09:27:05.842Z,2023-06-02T09:30:36.507Z,success
30791,build,on-prem esx vm,47.627414,2023-05-19T12:42:51.630Z,2023-05-19T12:42:53.669Z,2023-05-19T12:43:41.296Z,success
30784,build,on-prem esx vm,46.207308,2023-05-18T19:05:23.875Z,2023-05-18T19:05:26.049Z,2023-05-18T19:06:12.257Z,success
30780,build,on-prem esx vm,47.896542,2023-05-18T19:04:26.930Z,2023-05-18T19:04:28.998Z,2023-05-18T19:05:16.894Z,success
30778,build-sprint,on-prem esx vm,167.591583,2023-05-18T13:00:29.432Z,2023-05-18T13:00:31.505Z,2023-05-18T13:03:19.097Z,success
30776,build-sprint,on-prem esx vm,4.131054,2023-05-18T12:58:22.690Z,2023-05-18T12:58:23.202Z,2023-05-18T12:58:27.333Z,failed
30772,build-sprint,on-prem esx vm,4.227414,2023-05-18T12:55:43.363Z,2023-05-18T12:55:43.667Z,2023-05-18T12:55:47.895Z,failed
30771,build-sprint,on-prem esx vm,7.2734,2023-05-18T12:53:43.779Z,2023-05-18T12:53:45.226Z,2023-05-18T12:53:52.500Z,failed
30601,build,on-prem esx vm,201.451062,2023-04-30T06:38:58.734Z,2023-04-30T06:39:02.441Z,2023-04-30T06:42:23.892Z,success
30344,build,on-prem esx vm,51.360189,2023-04-13T10:37:16.971Z,2023-04-13T10:37:20.355Z,2023-04-13T10:38:11.715Z,success
30337,build,on-prem esx vm,50.17153,2023-04-12T06:45:37.879Z,2023-04-12T06:45:40.907Z,2023-04-12T06:46:31.078Z,success
30327,build,on-prem esx vm,46.300145,2023-04-11T12:06:22.746Z,2023-04-11T12:06:25.588Z,2023-04-11T12:07:11.888Z,success
30320,build,on-prem esx vm,192.915522,2023-04-11T10:35:12.780Z,2023-04-11T10:35:16.628Z,2023-04-11T10:38:29.543Z,success
30264,build,on-prem esx vm,50.161305,2023-04-07T07:29:34.915Z,2023-04-07T07:29:40.064Z,2023-04-07T07:30:30.226Z,success
30222,build,on-prem esx vm,204.444307,2023-04-04T06:26:31.073Z,2023-04-04T06:26:35.299Z,2023-04-04T06:29:59.743Z,success
30207,build-sprint,on-prem esx vm,9.302829,2023-03-29T12:01:28.523Z,2023-03-29T12:01:32.422Z,2023-03-29T12:01:41.725Z,success
30171,build,on-prem esx vm,47.610348,2023-03-28T06:24:06.167Z,2023-03-28T06:24:10.008Z,2023-03-28T06:24:57.619Z,success
30165,build,on-prem esx vm,51.601458,2023-03-27T14:01:12.499Z,2023-03-27T14:01:16.670Z,2023-03-27T14:02:08.272Z,success
30157,build,on-prem esx vm,184.197199,2023-03-27T11:04:35.970Z,2023-03-27T11:10:07.784Z,2023-03-27T11:13:11.981Z,success
30130,build,on-prem esx vm,53.535101,2023-03-24T14:02:46.620Z,2023-03-24T14:02:49.448Z,2023-03-24T14:03:42.983Z,success
30118,build-sprint,on-prem esx vm,5.510689,2023-03-24T11:07:50.758Z,2023-03-24T11:07:53.176Z,2023-03-24T11:07:58.687Z,success
30114,build,on-prem esx vm,8.855671,2023-03-24T07:44:22.241Z,2023-03-24T07:44:27.601Z,2023-03-24T07:44:36.456Z,success
30110,build,on-prem esx vm,51.324933,2023-03-23T07:09:23.053Z,2023-03-23T07:09:25.889Z,2023-03-23T07:10:17.214Z,success
30104,build,on-prem esx vm,55.803315,2023-03-22T13:36:30.725Z,2023-03-22T13:36:35.295Z,2023-03-22T13:37:31.098Z,success
30097,build,on-prem esx vm,6.227838,2023-03-21T11:05:32.640Z,2023-03-21T11:05:35.368Z,2023-03-21T11:05:41.596Z,success
30092,build,on-prem esx vm,50.444185,2023-03-21T08:29:03.131Z,2023-03-21T08:29:06.310Z,2023-03-21T08:29:56.754Z,success
30088,build,on-prem esx vm,175.016138,2023-03-21T06:27:50.541Z,2023-03-21T06:27:56.467Z,2023-03-21T06:30:51.483Z,success
30085,build,on-prem esx vm,48.127596,2023-03-20T12:41:25.372Z,2023-03-20T12:41:28.387Z,2023-03-20T12:42:16.515Z,success
30081,build,on-prem esx vm,48.761277,2023-03-20T12:33:09.493Z,2023-03-20T12:33:12.281Z,2023-03-20T12:34:01.042Z,success
30072,build,on-prem esx vm,169.752707,2023-03-20T11:30:08.945Z,2023-03-20T11:30:10.857Z,2023-03-20T11:33:00.609Z,success
30060,build,on-prem esx vm,3.025953,2023-03-20T09:24:35.440Z,2023-03-20T09:24:37.748Z,2023-03-20T09:24:40.774Z,canceled
30056,build,on-prem esx vm,4.345773,2023-03-20T09:14:43.019Z,2023-03-20T09:14:44.741Z,2023-03-20T09:14:49.086Z,canceled
30052,build,on-prem esx vm,4.927552,2023-03-20T09:11:01.611Z,2023-03-20T09:11:03.689Z,2023-03-20T09:11:08.616Z,canceled
30047,build,on-prem esx vm,2.467111,2023-03-20T08:24:55.476Z,2023-03-20T08:24:57.532Z,2023-03-20T08:24:59.999Z,canceled
30043,build,on-prem esx vm,0.271832,2023-03-20T07:33:56.568Z,2023-03-20T07:33:59.451Z,2023-03-20T07:33:59.722Z,canceled
30039,build,on-prem esx vm,1.856146,2023-03-20T07:29:14.041Z,2023-03-20T07:29:17.236Z,2023-03-20T07:29:19.093Z,canceled
30035,build,on-prem esx vm,2.879541,2023-03-20T07:22:17.912Z,2023-03-20T07:22:20.656Z,2023-03-20T07:22:23.535Z,canceled
30025,build,on-prem esx vm,193.468113,2023-03-20T06:56:56.268Z,2023-03-20T06:57:00.411Z,2023-03-20T07:00:13.879Z,success
30019,build,on-prem esx vm,49.163469,2023-03-17T15:11:15.620Z,2023-03-17T15:11:19.590Z,2023-03-17T15:12:08.754Z,success
30010,build,on-prem esx vm,45.421381,2023-03-17T09:12:04.359Z,2023-03-17T09:14:22.617Z,2023-03-17T09:15:08.038Z,success
30002,build,on-prem esx vm,47.618574,2023-03-16T13:09:30.814Z,2023-03-16T13:09:32.233Z,2023-03-16T13:10:19.852Z,success
29997,build,on-prem esx vm,48.938836,2023-03-16T12:39:53.673Z,2023-03-16T12:39:56.651Z,2023-03-16T12:40:45.590Z,success
29989,build,on-prem esx vm,190.566178,2023-03-15T14:00:23.438Z,2023-03-15T14:00:27.541Z,2023-03-15T14:03:38.107Z,success
29938,build,on-prem esx vm,47.35283,2023-03-10T10:24:08.982Z,2023-03-10T10:24:12.453Z,2023-03-10T10:24:59.805Z,success
29933,build,on-prem esx vm,47.707323,2023-03-10T07:54:00.668Z,2023-03-10T07:54:04.215Z,2023-03-10T07:54:51.922Z,success
29929,build,on-prem esx vm,49.348732,2023-03-10T06:17:52.494Z,2023-03-10T06:17:54.385Z,2023-03-10T06:18:43.733Z,success
29925,build,on-prem esx vm,48.790628,2023-03-09T14:02:32.670Z,2023-03-09T14:02:36.272Z,2023-03-09T14:03:25.062Z,success
29921,build,on-prem esx vm,50.204141,2023-03-09T13:35:40.826Z,2023-03-09T13:35:42.409Z,2023-03-09T13:36:32.614Z,success
29912,build,on-prem esx vm,57.610962,2023-03-09T08:57:24.956Z,2023-03-09T08:57:29.929Z,2023-03-09T08:58:27.540Z,success
29902,build,on-prem esx vm,65.232322,2023-03-08T10:12:48.630Z,2023-03-08T10:14:53.516Z,2023-03-08T10:15:58.748Z,success
29880,build,on-prem esx vm,5.05023,2023-03-08T08:50:34.377Z,2023-03-08T08:50:37.253Z,2023-03-08T08:50:42.303Z,success
29876,build,on-prem esx vm,4.892843,2023-03-08T08:46:09.101Z,2023-03-08T08:46:11.109Z,2023-03-08T08:46:16.001Z,success
29872,build,on-prem esx vm,5.142355,2023-03-08T08:44:12.925Z,2023-03-08T08:44:14.712Z,2023-03-08T08:44:19.855Z,success
29867,build,on-prem esx vm,5.172956,2023-03-08T08:39:17.558Z,2023-03-08T08:39:21.244Z,2023-03-08T08:39:26.417Z,success
29858,build,on-prem esx vm,48.322706,2023-03-08T07:45:08.645Z,2023-03-08T07:45:11.854Z,2023-03-08T07:46:00.177Z,success
29851,build,on-prem esx vm,4.821015,2023-03-08T07:39:40.422Z,2023-03-08T07:39:41.640Z,2023-03-08T07:39:46.461Z,success
29838,build,on-prem esx vm,4.674192,2023-03-08T06:37:08.356Z,2023-03-08T06:37:09.557Z,2023-03-08T06:37:14.231Z,success
29831,build,on-prem esx vm,48.672722,2023-03-08T06:32:41.813Z,2023-03-08T06:32:45.098Z,2023-03-08T06:33:33.771Z,success
29827,build,on-prem esx vm,168.435449,2023-03-08T06:14:28.916Z,2023-03-08T06:14:35.135Z,2023-03-08T06:17:23.570Z,success
29821,build,on-prem esx vm,4.754474,2023-03-07T14:01:09.241Z,2023-03-07T14:01:12.098Z,2023-03-07T14:01:16.853Z,success
29814,build,on-prem esx vm,4.173899,2023-03-07T13:54:58.247Z,2023-03-07T13:55:35.485Z,2023-03-07T13:55:39.659Z,canceled
29807,build,on-prem esx vm,5.336471,2023-03-07T13:44:33.532Z,2023-03-07T13:46:01.141Z,2023-03-07T13:46:06.477Z,success
29783,build,on-prem esx vm,48.454235,2023-03-07T13:22:44.030Z,2023-03-07T13:24:52.759Z,2023-03-07T13:25:41.213Z,success
